<?xml version="1.0" encoding="UTF-8"?>
<project-private xmlns="http://www.netbeans.org/ns/project-private/1">
    <editor-bookmarks xmlns="http://www.netbeans.org/ns/editor-bookmarks/1"/>
    <editor-bookmarks xmlns="http://www.netbeans.org/ns/editor-bookmarks/2" lastBookmarkId="0"/>
    <open-files xmlns="http://www.netbeans.org/ns/projectui-open-files/1">
        <file>file:/C:/Projects/Hierarchy/03__Samples/SampleProjects/Netbeans/MatrixSample_PetStore/hierarchy.properties</file>
        <file>file:/C:/Projects/Hierarchy/03__Samples/SampleProjects/Netbeans/MatrixSample_PetStore/nbproject/build-impl.xml</file>
    </open-files>
</project-private>
