
<!--
Automatically created by Apache Tomcat JspC.
Place this fragment in the web.xml before all icon, display-name,
description, distributable, and context-param elements.
-->

    <servlet>
        <servlet-name>org.apache.jsp.index_002dusing_002dloop_jsp</servlet-name>
        <servlet-class>org.apache.jsp.index_002dusing_002dloop_jsp</servlet-class>
    </servlet>

    <servlet>
        <servlet-name>org.apache.jsp.index_jsp</servlet-name>
        <servlet-class>org.apache.jsp.index_jsp</servlet-class>
    </servlet>

    <servlet-mapping>
        <servlet-name>org.apache.jsp.index_002dusing_002dloop_jsp</servlet-name>
        <url-pattern>/index-using-loop.jsp</url-pattern>
    </servlet-mapping>

    <servlet-mapping>
        <servlet-name>org.apache.jsp.index_jsp</servlet-name>
        <url-pattern>/index.jsp</url-pattern>
    </servlet-mapping>

<!--
All session-config, mime-mapping, welcome-file-list, error-page, taglib,
resource-ref, security-constraint, login-config, security-role,
env-entry, and ejb-ref elements should follow this fragment.
-->
