<?xml version="1.0" encoding="UTF-8"?>
<project-private xmlns="http://www.netbeans.org/ns/project-private/1">
    <editor-bookmarks xmlns="http://www.netbeans.org/ns/editor-bookmarks/1"/>
    <open-files xmlns="http://www.netbeans.org/ns/projectui-open-files/1">
        <file>file:/C:/Projects/Hierarchy/03__Samples/SampleProjects/Netbeans/MatrixWebSample_PetStore/web/index.mjsp</file>
        <file>file:/C:/Projects/Hierarchy/03__Samples/SampleProjects/Netbeans/MatrixWebSample_PetStore/src/java/com/williespetstore/WilliesPetStoreConsoleApp.mjava</file>
        <file>file:/C:/Projects/Hierarchy/03__Samples/SampleProjects/Netbeans/MatrixWebSample_PetStore/hierarchy_metacompilation.properties</file>
    </open-files>
</project-private>
