<?xml version="1.0" encoding="UTF-8"?>


<project name="Simple Matrix Sample Project Metacompilation" default="metacompile" basedir=".">


    <property name="hierarchy.jar.path" value="../../bin/Hierarchy.jar"/>


    <target name="metacompile">
        <echo>Metacompiling files</echo>

        <!-- The -jar option will use the classpath defined in the jar's manifest, which relies on the dependent jars, commons-collection-#.#.#.jar
             and sablecc.jar, being in the 'lib' dir relative to the dir where Hierarchy.jar is located. -->
        <java jar="${hierarchy.jar.path}" fork="true" >
            <arg value="-mpropfile"/>
            <arg file="hierarchy.properties"/>
        </java>

    </target>



</project>
