<?xml version="1.0" encoding="UTF-8"?>
<project-private xmlns="http://www.netbeans.org/ns/project-private/1">
    <editor-bookmarks xmlns="http://www.netbeans.org/ns/editor-bookmarks/1">
        <file>
            <url>web/admin.mjsp</url>
            <line>186</line>
        </file>
    </editor-bookmarks>
    <open-files xmlns="http://www.netbeans.org/ns/projectui-open-files/1">
        <file>file:/C:/Projects/Hierarchy/03__Samples/SampleProjects/Netbeans/PersistentMatrix_WebSample/server-matrix-persistence.properties</file>
        <file>file:/C:/Projects/Hierarchy/03__Samples/SampleProjects/Netbeans/PersistentMatrix_WebSample/build-util.xml</file>
        <file>file:/C:/Projects/Hierarchy/03__Samples/SampleProjects/Netbeans/PersistentMatrix_WebSample/src/java/com/williespetstore/WilliesPetstore$__$Content.matrix</file>
        <file>file:/C:/Projects/Hierarchy/03__Samples/SampleProjects/Netbeans/PersistentMatrix_WebSample/src/java/net/unconventional/persistence/MATRIXPROG$__$PERSISTENCE.schema</file>
        <file>file:/C:/Projects/Hierarchy/03__Samples/SampleProjects/Netbeans/PersistentMatrix_WebSample/web/admin.mjsp</file>
        <file>file:/C:/Projects/Hierarchy/03__Samples/SampleProjects/Netbeans/PersistentMatrix_WebSample/src/java/com/williespetstore/News$__$Schema.schema</file>
        <file>file:/C:/Projects/Hierarchy/03__Samples/SampleProjects/Netbeans/PersistentMatrix_WebSample/build.xml</file>
        <file>file:/C:/Projects/Hierarchy/03__Samples/SampleProjects/Netbeans/PersistentMatrix_WebSample/src/java/com/williespetstore/_MetacompilerRunner.java</file>
        <file>file:/C:/Projects/Hierarchy/03__Samples/SampleProjects/Netbeans/PersistentMatrix_WebSample/web/WEB-INF/client-matrix-persistence.properties</file>
        <file>file:/C:/Projects/Hierarchy/03__Samples/SampleProjects/Netbeans/PersistentMatrix_WebSample/src/java/com/williespetstore/_ClientUpdater.java</file>
        <file>file:/C:/Projects/Hierarchy/03__Samples/SampleProjects/Netbeans/PersistentMatrix_WebSample/web/index.mjsp</file>
        <file>file:/C:/Projects/Hierarchy/03__Samples/SampleProjects/Netbeans/PersistentMatrix_WebSample/server-matrix-persistence.properties.local</file>
        <file>file:/C:/Projects/Hierarchy/03__Samples/SampleProjects/Netbeans/PersistentMatrix_WebSample/server-matrix-persistence.properties.template</file>
        <file>file:/C:/Projects/Hierarchy/03__Samples/SampleProjects/Netbeans/PersistentMatrix_WebSample/web/WEB-INF/client-matrix-persistence.properties.local</file>
        <file>file:/C:/Projects/Hierarchy/03__Samples/SampleProjects/Netbeans/PersistentMatrix_WebSample/web/WEB-INF/client-matrix-persistence.properties.template</file>
        <file>file:/C:/Projects/Hierarchy/03__Samples/SampleProjects/Netbeans/PersistentMatrix_WebSample/src/java/com/williespetstore/WebUtilities.java</file>
    </open-files>
</project-private>
